Workbook

Sheet Planilha1
A1: Nº | B1: DESCRIÇÃO | C1: Resultado | D1: Data e hora da identificação da NC | E1: Responsável pela resolução | F1: Complexidade da NC | G1: Ação corretiva indicada | H1: Data prevista de resolução | I1: Data e hora do escalonamento | J1: Data e hora da conclusão da NC | K1: Status da NC
A2: 1 | B2: O contexto do projeto apresenta o nome, a finalidade, o endereço eletrônico e o público-alvo do sistema web avaliado? | G2: =IF($C2="NÃO",IFERROR(VLOOKUP($A2,Apoio!$A$2:$B$23,2,FALSE),""),"") | M2: Itens não conformes: | N2: =COUNTIF($C:$C,"Não") -> 0
A3: 2 | B3: A justificativa do sistema escolhido para a testagem foi inserida? | G3: =IF($C3="NÃO",IFERROR(VLOOKUP($A3,Apoio!$A$2:$B$23,2,FALSE),""),"")
A4: 3 | B4: Os objetivos do teste foram definidos, informando os aspectos da qualidade do software que serão avaliados? | G4: =IF($C4="NÃO",IFERROR(VLOOKUP($A4,Apoio!$A$2:$B$23,2,FALSE),""),"")
A5: 4 | B5: Na seção da metodologia, as heurísticas de Nielsen utilizadas foram identificadas? | G5: =IF($C5="NÃO",IFERROR(VLOOKUP($A5,Apoio!$A$2:$B$23,2,FALSE),""),"")
A6: 5 | B6: Para cada heurística identificada, foram apresentados os respectivos casos de teste? | G6: =IF($C6="NÃO",IFERROR(VLOOKUP($A6,Apoio!$A$2:$B$23,2,FALSE),""),"")
A7: 6 | B7: Cada caso de teste contém uma interface avaliada, o cenário (ação) e o testador responsável? | G7: =IF($C7="NÃO",IFERROR(VLOOKUP($A7,Apoio!$A$2:$B$23,2,FALSE),""),"")
A8: 7 | B8: Na seção da metodologia a técnica de caixa preta e sua relevância para o teste de usabilidade foram descritas? | G8: =IF($C8="NÃO",IFERROR(VLOOKUP($A8,Apoio!$A$2:$B$23,2,FALSE),""),"")
A9: 8 | B9: Na seção da metodologia, as ferramentas e os recursos utilizados para registro foram descritas? | G9: =IF($C9="NÃO",IFERROR(VLOOKUP($A9,Apoio!$A$2:$B$23,2,FALSE),""),"") | M9: Itens N/A: | N9: =COUNTIF($C:$C,"Não se aplica") -> 0
A10: 9 | B10: Na seção de execução do teste, o processo de realização dos testes foi descrito passo a passo? | G10: =IF($C10="NÃO",IFERROR(VLOOKUP($A10,Apoio!$A$2:$B$23,2,FALSE),""),"") | M10: Aderência: | N10: =IFERROR(COUNTIF($C:$C,"Sim")/(COUNTIF($C:$C,"Sim")+COUNTIF($C:$C,"Não")),0) -> 0
A11: 10 | B11: Para cada caso de teste apresentado no planejamento, foram apresentados os resultados obtidos? | G11: =IF($C11="NÃO",IFERROR(VLOOKUP($A11,Apoio!$A$2:$B$23,2,FALSE),""),"")
A12: 11 | B12: Foram colocadas imagens que evidenciem os testes? | G12: =IF($C12="NÃO",IFERROR(VLOOKUP($A12,Apoio!$A$2:$B$23,2,FALSE),""),"")
A13: 12 | B13: Para cada teste realizado, foram identificados problemas encontrados ou a comprovação do atendimento ao objetivo do teste? | G13: =IF($C13="NÃO",IFERROR(VLOOKUP($A13,Apoio!$A$2:$B$23,2,FALSE),""),"")
A14: 13 | B14: A seção análise de usabilidade apresenta uma avaliação do sistema baseada em cada uma das dez heurísticas de Nielsen? | G14: =IF($C14="NÃO",IFERROR(VLOOKUP($A14,Apoio!$A$2:$B$23,2,FALSE),""),"")
A15: 14 | B15: Foram apresentados os problemas mais críticos encontrados durante o teste? | G15: =IF($C15="NÃO",IFERROR(VLOOKUP($A15,Apoio!$A$2:$B$23,2,FALSE),""),"")
A16: 15 | B16: Cada problema crítico indicado foi classificado quanto ao seu impacto, que pode ser alto, médio ou baixo? | G16: =IF($C16="NÃO",IFERROR(VLOOKUP($A16,Apoio!$A$2:$B$23,2,FALSE),""),"") | M16: Complexidade da NC: | N16: Prazo
A17: 16 | B17: Na seção de conclusão, foi feito um resumo da avaliação geral da qualidade do sistema em termos de usabilidade? | G17: =IF($C17="NÃO",IFERROR(VLOOKUP($A17,Apoio!$A$2:$B$23,2,FALSE),""),"") | M17: baixa | N17: 20 minutos
A18: 17 | B18: Na seção de conclusão, foram sugeridas melhorias para a usabilidade do sistema, baseadas nos problemas identificados na seção 4.2? | G18: =IF($C18="NÃO",IFERROR(VLOOKUP($A18,Apoio!$A$2:$B$23,2,FALSE),""),"") | M18: média | N18: 35 minutos
A19: 18 | B19: Um checklist do processo de testes foi elaborado e aplicado? | G19: =IF($C19="NÃO",IFERROR(VLOOKUP($A19,Apoio!$A$2:$B$23,2,FALSE),""),"") | M19: alta | N19: 55 minutos
A20: 19 | B20: O checklist elaborado contempla o planejamento, preparação, execução, análise e revisão? | G20: =IF($C20="NÃO",IFERROR(VLOOKUP($A20,Apoio!$A$2:$B$23,2,FALSE),""),"")
A21: 20 | B21: Na seção 6, foram indicados os nomes de quem aplicou e de quem revisou o checklist? | G21: =IF($C21="NÃO",IFERROR(VLOOKUP($A21,Apoio!$A$2:$B$23,2,FALSE),""),"")
A22: 21 | B22: As referências utilizadas durante o planejamento e a análise do teste foram apresentadas, incluindo materiais sobre as heurísticas de Nielsen e as técnicas de teste de usabilidade? | G22: =IF($C22="NÃO",IFERROR(VLOOKUP($A22,Apoio!$A$2:$B$23,2,FALSE),""),"")
A23: 22 | B23: O documento segue a estrutura estabelecida no template, sem adições que não tenham sido solicitadas ou justificadas? | G23: =IF($C23="NÃO",IFERROR(VLOOKUP($A23,Apoio!$A$2:$B$24,2,FALSE),""),"")

Sheet Apoio
A1: Nº | B1: AÇÃO CORRETIVA PADRÃO
A2: 1 | B2: Escrever o contexto do projeto, contendo: o nome, a finalidade, o endereço eletrônico e o público-alvo do sistema web avaliado
A3: 2 | B3: Inserir a justificativa do sistema escolhido para a testagem
A4: 3 | B4: Definir os objetivos do teste, informando os aspectos da qualidade do software que serão avaliados
A5: 4 | B5: Inserir, na seção da metodologia, as heurísticas de Nielsen utilizadas
A6: 5 | B6: Elaborar os casos de teste para cada heurística selecionada
A7: 6 | B7: Identificar para cada caso de teste, a interface avaliada, o cenário (ação) e o testador responsável
A8: 7 | B8: Descrever a técnica da caixa preta e sua relevância para o teste de usabilidade
A9: 8 | B9: Identificar as ferramentas e os recursos utilizados para registro dos testes
A10: 9 | B10: Na seção de execução do teste, escrever o passo a passo do processo de realização do teste
A11: 10 | B11: Apresentar os resultados obtidos em cada teste descrito no planejamento
A12: 11 | B12: Inserir as imagens que evidenciam os testes
A13: 12 | B13: Identificar, para cada teste realizado, os problemas encontrados ou comprovar o atendimento ao objetivo do teste
... A23: 22 | B23: Remover ou justificar as informações, seções ou elementos adicionados que não estejam previstos no template.
A24: 23
